,fe_name
0,subsections_numObjects
1,2version0_Catalog
2,len_URLs
3,version0_Actions_JS
4,1version0_Catalog
5,XrefSection
6,1version0_obj_10_2
7,1version0_obj_10_3
8,1version0_Encoded_num
9,1version0_obj_10_1
10,1version0_obj_10_6
11,1version0_obj_10_7
12,1version0_obj_10_4
13,1version0_obj_10_5
14,1version0_obj_10_8
15,1version0_obj_10_9
16,version0_Events_AA
17,version0_Catalog
18,Xref_errors
19,1version0_Xref Streams
20,Javascript_count
21,Linearized
22,version0_elements
23,version0_Elements_EmbeddedFiles
24,version0_obj_average
25,version0_obj_min
26,JS_count
27,2version0_elements
28,2version0_Events_num
29,2version0_Encoded_num
30,version0_Encoded_num
31,1version0_elements
32,2version0_obj_10_3
33,2version0_obj_10_2
34,2version0_obj_10_1
35,2version0_obj_10_0
36,2version0_obj_10_7
37,2version0_obj_10_6
38,2version0_obj_10_5
39,2version0_obj_10_4
40,2version0_obj_10_9
41,2version0_obj_10_8
42,comments
43,numEncodedStreams
44,1version0_Elements_EmbeddedFiles
45,meta_cration_len
46,1version0_Events_num
47,Metadata
48,1version0_Events_Names
49,version0_Decoding Errors
50,1version0_Vulns
51,2version0_Objects_JS_num
52,2version0_Events_AA
53,1version0_obj_10_0
54,1version0_Decoding Errors
55,2version0_Actions_JS
56,2version0_Events_Names
57,meta_creator_len
58,meta_producer_len
59,version0_Info
60,1version0_Compressd_obj
61,stream_num
62,2version0_Actions_num
63,Encrypted
64,version0_Actions_num
65,2version0_Compressd_obj
66,Binary
67,subsections_size
68,header_offset
69,trailer_num
70,version0_Events_Names
71,version0_Compressd_obj
72,1version0_Actions_num
73,2version0_obj_min
74,1version0_Object Streams
75,2version0_Decoding Errors
76,font_count
77,Xref_bytesPerFisId
78,version0_Events_num
79,2version0_Info
80,Versions_num
81,subsections_entries
82,version0_stream_min_0
83,version0_stream_min_1
84,2version0_Object Streams
85,version0_obj_10_0
86,1version0_obj_average
87,1version0_Objects_JS_num
88,2version0_Xref Streams
89,1version0_Streams
90,1version0_Events_AA
91,error
92,Xref_offset
93,JS_MODULE
94,version-1
95,version0_obj_10_8
96,version0_obj_10_9
97,version0_obj_10_6
98,version0_obj_10_7
99,version0_obj_10_4
100,version0_obj_10_5
101,version0_obj_10_2
102,version0_obj_10_3
103,subsections_errors
104,version0_obj_10_1
105,2version0_Actions_javascript
106,object_num
107,subsections_firstObject
108,file_size
109,2version0_Elements_EmbeddedFiles
110,2version0_Streams
111,1version0_stream_min_0
112,1version0_stream_min_1
113,1version0_Actions_javascript
114,version0_Vulns
115,version0_Object Streams
116,1version0_obj_min
117,subsections_offset
118,1version0_Info
119,Xref_stream
120,2version0_Vulns
121,2version0_obj_average
122,version0_Objects_JS_num
123,2version0_stream_min_1
124,2version0_stream_min_0
125,meta_author_len
126,update
127,version0_Xref Streams
128,1version0_Actions_JS
129,version-2
130,version0_Streams
131,Metadata_len
132,Xref_size
133,version0_Actions_javascript
